<?xml version="1.0" encoding="UTF-8"?><?xml-stylesheet type='text/xsl' href='_UpgradeReport_Files/UpgradeReport.xslt'?><UpgradeLog>
<Properties><Property Name="Solution" Value="mtmFAH">
</Property><Property Name="Solution File" Value="H:\Google code\mtmFAH.sln">
</Property><Property Name="User Options File" Value="H:\Google code\mtmFAH.suo">
</Property><Property Name="Date" Value="vrijdag 24 september 2010">
</Property><Property Name="Time" Value="13:59">
</Property></Properties><Event ErrorLevel="0" Project="" Source="mtmFAH.sln" Description="File successfully backed up as H:\Google code\Backup\mtmFAH.sln">
</Event><Event ErrorLevel="0" Project="" Source="mtmFAH.suo" Description="File successfully backed up as H:\Google code\Backup\mtmFAH.suo">
</Event><Event ErrorLevel="0" Project="mtmFAH" Source="mtmFAH.vbproj" Description="Project file successfully backed up as H:\Google code\Backup\mtmFAH.vbproj">
</Event><Event ErrorLevel="0" Project="mtmFAH" Source="mtmFAH.vbproj.user" Description="Project user file successfully backed up as H:\Google code\Backup\mtmFAH.vbproj.user">
</Event><Event ErrorLevel="0" Project="mtmFAH" Source="ApplicationEvents.vb" Description="File successfully backed up as H:\Google code\Backup\ApplicationEvents.vb">
</Event><Event ErrorLevel="0" Project="mtmFAH" Source="clsClientConfiguration.vb" Description="File successfully backed up as H:\Google code\Backup\clsClientConfiguration.vb">
</Event><Event ErrorLevel="0" Project="mtmFAH" Source="clsCpuReg.vb" Description="File successfully backed up as H:\Google code\Backup\clsCpuReg.vb">
</Event><Event ErrorLevel="0" Project="mtmFAH" Source="clsEOC.vb" Description="File successfully backed up as H:\Google code\Backup\clsEOC.vb">
</Event><Event ErrorLevel="0" Project="mtmFAH" Source="clsHWinfo.vb" Description="File successfully backed up as H:\Google code\Backup\clsHWinfo.vb">
</Event><Event ErrorLevel="0" Project="mtmFAH" Source="clsLogWindow.vb" Description="File successfully backed up as H:\Google code\Backup\clsLogWindow.vb">
</Event><Event ErrorLevel="0" Project="mtmFAH" Source="clsProjectInfo.vb" Description="File successfully backed up as H:\Google code\Backup\clsProjectInfo.vb">
</Event><Event ErrorLevel="0" Project="mtmFAH" Source="clsQueue.vb" Description="File successfully backed up as H:\Google code\Backup\clsQueue.vb">
</Event><Event ErrorLevel="0" Project="mtmFAH" Source="clsSettings.vb" Description="File successfully backed up as H:\Google code\Backup\clsSettings.vb">
</Event><Event ErrorLevel="0" Project="mtmFAH" Source="clsStats.vb" Description="File successfully backed up as H:\Google code\Backup\clsStats.vb">
</Event><Event ErrorLevel="0" Project="mtmFAH" Source="frmAddProject.Designer.vb" Description="File successfully backed up as H:\Google code\Backup\frmAddProject.Designer.vb">
</Event><Event ErrorLevel="0" Project="mtmFAH" Source="frmAddProject.vb" Description="File successfully backed up as H:\Google code\Backup\frmAddProject.vb">
</Event><Event ErrorLevel="0" Project="mtmFAH" Source="frmBalloon.Designer.vb" Description="File successfully backed up as H:\Google code\Backup\frmBalloon.Designer.vb">
</Event><Event ErrorLevel="0" Project="mtmFAH" Source="frmBalloon.vb" Description="File successfully backed up as H:\Google code\Backup\frmBalloon.vb">
</Event><Event ErrorLevel="0" Project="mtmFAH" Source="frmClientAffinity.Designer.vb" Description="File successfully backed up as H:\Google code\Backup\frmClientAffinity.Designer.vb">
</Event><Event ErrorLevel="0" Project="mtmFAH" Source="frmClientAffinity.vb" Description="File successfully backed up as H:\Google code\Backup\frmClientAffinity.vb">
</Event><Event ErrorLevel="0" Project="mtmFAH" Source="frmClosePrograms.designer.vb" Description="File successfully backed up as H:\Google code\Backup\frmClosePrograms.designer.vb">
</Event><Event ErrorLevel="0" Project="mtmFAH" Source="frmClosePrograms.vb" Description="File successfully backed up as H:\Google code\Backup\frmClosePrograms.vb">
</Event><Event ErrorLevel="0" Project="mtmFAH" Source="frmConfig.Designer.vb" Description="File successfully backed up as H:\Google code\Backup\frmConfig.Designer.vb">
</Event><Event ErrorLevel="0" Project="mtmFAH" Source="frmConfig.vb" Description="File successfully backed up as H:\Google code\Backup\frmConfig.vb">
</Event><Event ErrorLevel="0" Project="mtmFAH" Source="frmDownload.Designer.vb" Description="File successfully backed up as H:\Google code\Backup\frmDownload.Designer.vb">
</Event><Event ErrorLevel="0" Project="mtmFAH" Source="frmDownload.vb" Description="File successfully backed up as H:\Google code\Backup\frmDownload.vb">
</Event><Event ErrorLevel="0" Project="mtmFAH" Source="frmEditProject.Designer.vb" Description="File successfully backed up as H:\Google code\Backup\frmEditProject.Designer.vb">
</Event><Event ErrorLevel="0" Project="mtmFAH" Source="frmEditProject.vb" Description="File successfully backed up as H:\Google code\Backup\frmEditProject.vb">
</Event><Event ErrorLevel="0" Project="mtmFAH" Source="frmEOC.Designer.vb" Description="File successfully backed up as H:\Google code\Backup\frmEOC.Designer.vb">
</Event><Event ErrorLevel="0" Project="mtmFAH" Source="frmEOC.vb" Description="File successfully backed up as H:\Google code\Backup\frmEOC.vb">
</Event><Event ErrorLevel="0" Project="mtmFAH" Source="frmEUE.Designer.vb" Description="File successfully backed up as H:\Google code\Backup\frmEUE.Designer.vb">
</Event><Event ErrorLevel="0" Project="mtmFAH" Source="frmEUE.vb" Description="File successfully backed up as H:\Google code\Backup\frmEUE.vb">
</Event><Event ErrorLevel="0" Project="mtmFAH" Source="frmEULA.Designer.vb" Description="File successfully backed up as H:\Google code\Backup\frmEULA.Designer.vb">
</Event><Event ErrorLevel="0" Project="mtmFAH" Source="frmEULA.vb" Description="File successfully backed up as H:\Google code\Backup\frmEULA.vb">
</Event><Event ErrorLevel="0" Project="mtmFAH" Source="frmHWINFO.designer.vb" Description="File successfully backed up as H:\Google code\Backup\frmHWINFO.designer.vb">
</Event><Event ErrorLevel="0" Project="mtmFAH" Source="frmHWINFO.vb" Description="File successfully backed up as H:\Google code\Backup\frmHWINFO.vb">
</Event><Event ErrorLevel="0" Project="mtmFAH" Source="frmLogOutput.Designer.vb" Description="File successfully backed up as H:\Google code\Backup\frmLogOutput.Designer.vb">
</Event><Event ErrorLevel="0" Project="mtmFAH" Source="frmLogOutput.vb" Description="File successfully backed up as H:\Google code\Backup\frmLogOutput.vb">
</Event><Event ErrorLevel="0" Project="mtmFAH" Source="frmLogWindow.Designer.vb" Description="File successfully backed up as H:\Google code\Backup\frmLogWindow.Designer.vb">
</Event><Event ErrorLevel="0" Project="mtmFAH" Source="frmLogWindow.vb" Description="File successfully backed up as H:\Google code\Backup\frmLogWindow.vb">
</Event><Event ErrorLevel="0" Project="mtmFAH" Source="frmMessage.designer.vb" Description="File successfully backed up as H:\Google code\Backup\frmMessage.designer.vb">
</Event><Event ErrorLevel="0" Project="mtmFAH" Source="frmMessage.vb" Description="File successfully backed up as H:\Google code\Backup\frmMessage.vb">
</Event><Event ErrorLevel="0" Project="mtmFAH" Source="frmOptions.Designer.vb" Description="File successfully backed up as H:\Google code\Backup\frmOptions.Designer.vb">
</Event><Event ErrorLevel="0" Project="mtmFAH" Source="frmOptions.vb" Description="File successfully backed up as H:\Google code\Backup\frmOptions.vb">
</Event><Event ErrorLevel="0" Project="mtmFAH" Source="frmPBList.Designer.vb" Description="File successfully backed up as H:\Google code\Backup\frmPBList.Designer.vb">
</Event><Event ErrorLevel="0" Project="mtmFAH" Source="frmPBList.vb" Description="File successfully backed up as H:\Google code\Backup\frmPBList.vb">
</Event><Event ErrorLevel="0" Project="mtmFAH" Source="frmProjectBrowser.Designer.vb" Description="File successfully backed up as H:\Google code\Backup\frmProjectBrowser.Designer.vb">
</Event><Event ErrorLevel="0" Project="mtmFAH" Source="frmProjectBrowser.vb" Description="File successfully backed up as H:\Google code\Backup\frmProjectBrowser.vb">
</Event><Event ErrorLevel="0" Project="mtmFAH" Source="frmQueue.Designer.vb" Description="File successfully backed up as H:\Google code\Backup\frmQueue.Designer.vb">
</Event><Event ErrorLevel="0" Project="mtmFAH" Source="frmQueue.vb" Description="File successfully backed up as H:\Google code\Backup\frmQueue.vb">
</Event><Event ErrorLevel="0" Project="mtmFAH" Source="frmStart.Designer.vb" Description="File successfully backed up as H:\Google code\Backup\frmStart.Designer.vb">
</Event><Event ErrorLevel="0" Project="mtmFAH" Source="frmStart.vb" Description="File successfully backed up as H:\Google code\Backup\frmStart.vb">
</Event><Event ErrorLevel="0" Project="mtmFAH" Source="frmStats.Designer.vb" Description="File successfully backed up as H:\Google code\Backup\frmStats.Designer.vb">
</Event><Event ErrorLevel="0" Project="mtmFAH" Source="frmStats.vb" Description="File successfully backed up as H:\Google code\Backup\frmStats.vb">
</Event><Event ErrorLevel="0" Project="mtmFAH" Source="frmTestOptions.Designer.vb" Description="File successfully backed up as H:\Google code\Backup\frmTestOptions.Designer.vb">
</Event><Event ErrorLevel="0" Project="mtmFAH" Source="frmTestOptions.vb" Description="File successfully backed up as H:\Google code\Backup\frmTestOptions.vb">
</Event><Event ErrorLevel="0" Project="mtmFAH" Source="frmTray.Designer.vb" Description="File successfully backed up as H:\Google code\Backup\frmTray.Designer.vb">
</Event><Event ErrorLevel="0" Project="mtmFAH" Source="frmTray.vb" Description="File successfully backed up as H:\Google code\Backup\frmTray.vb">
</Event><Event ErrorLevel="0" Project="mtmFAH" Source="frmXmlCreator.Designer.vb" Description="File successfully backed up as H:\Google code\Backup\frmXmlCreator.Designer.vb">
</Event><Event ErrorLevel="0" Project="mtmFAH" Source="frmXmlCreator.vb" Description="File successfully backed up as H:\Google code\Backup\frmXmlCreator.vb">
</Event><Event ErrorLevel="0" Project="mtmFAH" Source="modMAIN.vb" Description="File successfully backed up as H:\Google code\Backup\modMAIN.vb">
</Event><Event ErrorLevel="0" Project="mtmFAH" Source="My Project\AssemblyInfo.vb" Description="File successfully backed up as H:\Google code\Backup\My Project\AssemblyInfo.vb">
</Event><Event ErrorLevel="0" Project="mtmFAH" Source="My Project\Application.Designer.vb" Description="File successfully backed up as H:\Google code\Backup\My Project\Application.Designer.vb">
</Event><Event ErrorLevel="0" Project="mtmFAH" Source="My Project\Resources.Designer.vb" Description="File successfully backed up as H:\Google code\Backup\My Project\Resources.Designer.vb">
</Event><Event ErrorLevel="0" Project="mtmFAH" Source="My Project\Settings.Designer.vb" Description="File successfully backed up as H:\Google code\Backup\My Project\Settings.Designer.vb">
</Event><Event ErrorLevel="0" Project="mtmFAH" Source="My Project\Application.myapp" Description="File successfully backed up as H:\Google code\Backup\My Project\Application.myapp">
</Event><Event ErrorLevel="0" Project="mtmFAH" Source="My Project\Settings.settings" Description="File successfully backed up as H:\Google code\Backup\My Project\Settings.settings">
</Event><Event ErrorLevel="0" Project="mtmFAH" Source="Resources\EOC.ico" Description="File successfully backed up as H:\Google code\Backup\Resources\EOC.ico">
</Event><Event ErrorLevel="0" Project="mtmFAH" Source="Resources\foldLOG.ico" Description="File successfully backed up as H:\Google code\Backup\Resources\foldLOG.ico">
</Event><Event ErrorLevel="0" Project="mtmFAH" Source="Resources\Green.ico" Description="File successfully backed up as H:\Google code\Backup\Resources\Green.ico">
</Event><Event ErrorLevel="0" Project="mtmFAH" Source="Resources\Icon start.ico" Description="File successfully backed up as H:\Google code\Backup\Resources\Icon start.ico">
</Event><Event ErrorLevel="0" Project="mtmFAH" Source="Resources\Icon stop.ico" Description="File successfully backed up as H:\Google code\Backup\Resources\Icon stop.ico">
</Event><Event ErrorLevel="0" Project="mtmFAH" Source="Resources\TRFFC10A.ICO" Description="File successfully backed up as H:\Google code\Backup\Resources\TRFFC10A.ICO">
</Event><Event ErrorLevel="0" Project="mtmFAH" Source="Resources\TRFFC10B.ICO" Description="File successfully backed up as H:\Google code\Backup\Resources\TRFFC10B.ICO">
</Event><Event ErrorLevel="0" Project="mtmFAH" Source="Resources\TRFFC10C.ICO" Description="File successfully backed up as H:\Google code\Backup\Resources\TRFFC10C.ICO">
</Event><Event ErrorLevel="0" Project="mtmFAH" Source="Resources\Warning.ico" Description="File successfully backed up as H:\Google code\Backup\Resources\Warning.ico">
</Event><Event ErrorLevel="0" Project="mtmFAH" Source="Resources\Yellow.ico" Description="File successfully backed up as H:\Google code\Backup\Resources\Yellow.ico">
</Event><Event ErrorLevel="0" Project="mtmFAH" Source="My Project\app.manifest" Description="File successfully backed up as H:\Google code\Backup\My Project\app.manifest">
</Event><Event ErrorLevel="0" Project="mtmFAH" Source="app.config" Description="File successfully backed up as H:\Google code\Backup\app.config">
</Event><Event ErrorLevel="0" Project="mtmFAH" Source="max.ico" Description="File successfully backed up as H:\Google code\Backup\max.ico">
</Event><Event ErrorLevel="0" Project="mtmFAH" Source="frmAddProject.resx" Description="File successfully backed up as H:\Google code\Backup\frmAddProject.resx">
</Event><Event ErrorLevel="0" Project="mtmFAH" Source="frmBalloon.resx" Description="File successfully backed up as H:\Google code\Backup\frmBalloon.resx">
</Event><Event ErrorLevel="0" Project="mtmFAH" Source="frmClientAffinity.resx" Description="File successfully backed up as H:\Google code\Backup\frmClientAffinity.resx">
</Event><Event ErrorLevel="0" Project="mtmFAH" Source="frmClosePrograms.resx" Description="File successfully backed up as H:\Google code\Backup\frmClosePrograms.resx">
</Event><Event ErrorLevel="0" Project="mtmFAH" Source="frmConfig.resx" Description="File successfully backed up as H:\Google code\Backup\frmConfig.resx">
</Event><Event ErrorLevel="0" Project="mtmFAH" Source="frmDownload.resx" Description="File successfully backed up as H:\Google code\Backup\frmDownload.resx">
</Event><Event ErrorLevel="0" Project="mtmFAH" Source="frmEditProject.resx" Description="File successfully backed up as H:\Google code\Backup\frmEditProject.resx">
</Event><Event ErrorLevel="0" Project="mtmFAH" Source="frmEOC.resx" Description="File successfully backed up as H:\Google code\Backup\frmEOC.resx">
</Event><Event ErrorLevel="0" Project="mtmFAH" Source="frmEUE.resx" Description="File successfully backed up as H:\Google code\Backup\frmEUE.resx">
</Event><Event ErrorLevel="0" Project="mtmFAH" Source="frmEULA.resx" Description="File successfully backed up as H:\Google code\Backup\frmEULA.resx">
</Event><Event ErrorLevel="0" Project="mtmFAH" Source="frmHWINFO.resx" Description="File successfully backed up as H:\Google code\Backup\frmHWINFO.resx">
</Event><Event ErrorLevel="0" Project="mtmFAH" Source="frmLogOutput.resx" Description="File successfully backed up as H:\Google code\Backup\frmLogOutput.resx">
</Event><Event ErrorLevel="0" Project="mtmFAH" Source="frmLogWindow.resx" Description="File successfully backed up as H:\Google code\Backup\frmLogWindow.resx">
</Event><Event ErrorLevel="0" Project="mtmFAH" Source="frmMessage.resx" Description="File successfully backed up as H:\Google code\Backup\frmMessage.resx">
</Event><Event ErrorLevel="0" Project="mtmFAH" Source="frmOptions.resx" Description="File successfully backed up as H:\Google code\Backup\frmOptions.resx">
</Event><Event ErrorLevel="0" Project="mtmFAH" Source="frmPBList.resx" Description="File successfully backed up as H:\Google code\Backup\frmPBList.resx">
</Event><Event ErrorLevel="0" Project="mtmFAH" Source="frmProjectBrowser.resx" Description="File successfully backed up as H:\Google code\Backup\frmProjectBrowser.resx">
</Event><Event ErrorLevel="0" Project="mtmFAH" Source="frmQueue.resx" Description="File successfully backed up as H:\Google code\Backup\frmQueue.resx">
</Event><Event ErrorLevel="0" Project="mtmFAH" Source="frmStart.resx" Description="File successfully backed up as H:\Google code\Backup\frmStart.resx">
</Event><Event ErrorLevel="0" Project="mtmFAH" Source="frmStats.resx" Description="File successfully backed up as H:\Google code\Backup\frmStats.resx">
</Event><Event ErrorLevel="0" Project="mtmFAH" Source="frmTestOptions.resx" Description="File successfully backed up as H:\Google code\Backup\frmTestOptions.resx">
</Event><Event ErrorLevel="0" Project="mtmFAH" Source="frmTray.resx" Description="File successfully backed up as H:\Google code\Backup\frmTray.resx">
</Event><Event ErrorLevel="0" Project="mtmFAH" Source="frmXmlCreator.resx" Description="File successfully backed up as H:\Google code\Backup\frmXmlCreator.resx">
</Event><Event ErrorLevel="0" Project="mtmFAH" Source="My Project\Resources.resx" Description="File successfully backed up as H:\Google code\Backup\My Project\Resources.resx">
</Event><Event ErrorLevel="0" Project="mtmFAH" Source="mtmFAH.vbproj" Description="Project converted successfully">
</Event><Event ErrorLevel="3" Project="mtmFAH" Source="mtmFAH.vbproj" Description="Converted">
</Event><Event ErrorLevel="0" Project="" Source="mtmFAH.sln" Description="Solution converted successfully">
</Event><Event ErrorLevel="3" Project="" Source="mtmFAH.sln" Description="Converted">
</Event><Event ErrorLevel="0" Project="mtmFAH" Source="mtmFAH.vbproj" Description="Scan complete: Upgrade not required for project files.">
</Event></UpgradeLog>